"_primaryKey","_firstSeenAt","_lastSeenAt","listingId","vin","stockNumber","year","makeCode","makeName","modelCode","modelName","trim","bodyStyle","listingType","listingTitle","mileage","salePrice","msrp","dealIndicator","kbbFairPurchasePrice","kbbFairPriceLow","kbbFairPriceHigh","exteriorColor","exteriorColorSimple","interiorColor","interiorColorSimple","engineCode","engine","drivetrain","transmissionCode","transmission","transmissionGroup","fuelTypeCode","fuelType","fuelTypeGroup","mpgCity","mpgHighway","displacementUOM","hasLeatherSeats","daysOnMarket","isHot","isNewlyListed","isReducedPrice","isNoHagglePrice","hasSpecialOffer","moneyBackGuarantee","mainImageIsStock","priority","sellerId","sellerName","sellerPhone","sellerRating","sellerReviewCount","sellerWebsite","isPrivateSeller","sellerContractLevel","kbbVehicleId","kbbConsumerRatings","kbbConsumerReviewCount","safetyRecallCount","vhrPreview","options","optionsCount","description","images","imagesCount","sellerAddress","sellerCity","sellerState","sellerZip","listingUrl"
"771611775","2026-02-05 23:15:41.466","2026-02-05 23:15:41.466","771611775","[PREMIUM]","TH197965",2026,"HYUND","Hyundai","SANTAFE","Santa Fe","SEL","SUV","New","New 2026 Hyundai Santa Fe SEL",5,"[PREMIUM]",4190,,"[PREMIUM]",0,0,"Shimmering Silver Pearl","SILVER","Gray","GRAY","4CLDR","4-Cylinder Turbo",,"AUT","8-Speed Automatic","Automatic",,,,20,28,2.5,false,,false,false,false,false,false,false,false,"STANDARD",73451111,"[PREMIUM]","[PREMIUM]","[PREMIUM]",0,"[PREMIUM]",false,"PARTNER",477809,3.2,18,,,"{""exterior"":[""18\"" x 7.5J Alloy Wheels"",""Alloy wheels"",""Auto High-beam Headlights"",""Bumpers: body-color"",""Delay-off headlights"",""Fully automatic headlights"",""Heated door mirrors"",""Power door mirrors"",""Rear window wiper"",""Spoiler"",""Turn signal indicator mirrors""],""interior"":[""3rd row seats: bench"",""Adjustable head restraints: driver and passenger w/tilt"",""Air Conditioning"",""Driver door bin"",""Driver vanity mirror"",""Front Bucket Seats"",""Front Center Armrest"",""Front dual zone A/C"",""Front reading lights"",""Heated Front Bucket Seats"",""Heated front seats"",""Leather steering wheel"",""Overhead console"",""Passenger door bin"",""Passenger vanity mirror"",""Power Liftgate"",""Power driver seat"",""Power windows"",""Rear seat center armrest"",""Rear window defroster"",""Split folding rear seat"",""Steering wheel mounted audio controls"",""Tachometer"",""Telescoping steering wheel"",""Tilt steering wheel"",""Trip computer"",""Variably intermittent wipers""],""safety"":[""ABS brakes"",""Brake assist"",""Dual front impact airbags"",""Dual front side impact airbags"",""Electronic Stability Control"",""Emergency communication system"",""Knee airbag"",""Low tire pressure warning"",""Occupant sensing airbag"",""Overhead airbag"",""Panic alarm"",""Rear side impact airbag"",""Security system"",""Traction control""],""mechanical"":[""4-Wheel Disc Brakes"",""Four wheel independent suspension"",""Power steering"",""Speed-sensing steering""],""technology"":[""6 Speakers"",""AM/FM radio: SiriusXM"",""Automatic temperature control"",""Exterior Parking Camera Rear"",""Remote keyless entry"",""Speed control""],""other"":[""Apple CarPlay & Android Auto"",""Front anti-roll bar"",""H-Tex Leatherette Seat Trim"",""Illuminated entry"",""Mudguards"",""Option Group 01"",""Outside temperature display"",""Radio: AM/FM/HD Display Audio"",""Rear anti-roll bar""]}",71,"Shimmering Silver Pearl 2026 Hyundai Santa Fe SEL AWD 8-Speed Automatic with SHIFTRONIC 2.5L I4<br><br>Recent Arrival! 20/28 City/Highway MPG Price includes: $3500 - Hyundai HMF Dealer Choice : $3500 discount and 5.39% APR for 24 months. $44.05 per $1000 financed. Available to well qualified buyers who finance through Hyundai Motor Finance. H704. Exp. 03/02/2026","[PREMIUM]",1,"5090 S HIGHWAY 27","Somerset","KY","42501","[PREMIUM]"
"768850137","2026-02-05 21:15:41.333","2026-02-05 21:15:41.333","768850137","[PREMIUM]","T214668",2018,"FORD","Ford","FOCUS","Focus","SE","SEDAN","Used","Used 2018 Ford Focus SE",138535,"[PREMIUM]",,"Great","[PREMIUM]",5425,6400,"Lightning Blue Metallic","BLUE","Charcoal Black","BLACK","4CLDR","4-Cylinder",,"AUT","6-Speed Automatic","Automatic",,,,,,2,false,37,false,false,true,false,false,false,false,"PREMIUM",75330245,"[PREMIUM]","[PREMIUM]","[PREMIUM]",612,"[PREMIUM]",false,"PARTNER",431236,3.6,871,0,"[""NO_SALVAGE_TITLE"",""NO_ACCIDENTS_REPORTED"",""ONE_OWNER""]","{""exterior"":[""Aluminum Wheels"",""Automatic Headlights"",""Power Mirror(s)"",""Tires - Front Performance"",""Tires - Rear Performance""],""interior"":[""A/C"",""Adjustable Steering Wheel"",""Bucket Seats"",""Cloth Seats"",""Driver Illuminated Vanity Mirror"",""Driver Vanity Mirror"",""Floor Mats"",""Intermittent Wipers"",""Pass-Through Rear Seat"",""Passenger Illuminated Visor Mirror"",""Passenger Vanity Mirror"",""Power Door Locks"",""Power Windows"",""Rear Bench Seat"",""Rear Defrost"",""Steering Wheel Audio Controls"",""Trip Computer"",""Variable Speed Intermittent Wipers""],""safety"":[""ABS"",""Brake Assist"",""Child Safety Locks"",""Driver Air Bag"",""Front Head Air Bag"",""Front Side Air Bag"",""Knee Air Bag"",""Passenger Air Bag"",""Passenger Air Bag Sensor"",""Rear Head Air Bag"",""Stability Control"",""Temporary Spare Tire"",""Tire Pressure Monitor"",""Traction Control""],""mechanical"":[""Brake Actuated Limited Slip Differential"",""ENGINE: 2.0L I-4 GDI TI-VCT"",""Front Disc/Rear Drum Brakes"",""Front Wheel Drive"",""Power Steering""],""technology"":[""AM/FM Stereo"",""Auxiliary Audio Input"",""Back-Up Camera"",""Bluetooth Connection"",""Cruise Control"",""Immobilizer"",""Keyless Entry"",""MP3 Capability"",""Satellite Radio"",""Telematics""],""other"":[""Driver Restriction Features"",""Requires Subscription"",""Smart Device Integration""]}",55,"Lightning Blue 2018 Ford Focus SE FWD 6-Speed Automatic with Powershift 2.0L I4 DGI Ti-VCT<br><br>26/38 City/Highway MPG<br><br>Awards:<br>* 2018 KBB.com 10 Most Awarded Brands * 2018 KBB.com Brand Image Awards","[PREMIUM]",25,"2801 E WALNUT AVE","Dalton","GA","30721","[PREMIUM]"
"771657768","2026-02-05 21:15:41.316","2026-02-05 21:15:41.316","771657768","[PREMIUM]","EGA93345",2026,"FORD","Ford","EXPLOR","Explorer","Active","SUV","New","New 2026 Ford Explorer Active",9,"[PREMIUM]",4542,,"[PREMIUM]",,,"Agate Black Metallic","BLACK","Gray","GRAY","4CLDR","4-Cylinder Turbo","2 wheel drive - rear","AUT","10-Speed Automatic","Automatic","G","Gasoline","Gas",,,2.3,false,,false,false,false,false,false,false,false,"STANDARD",68196473,"[PREMIUM]","[PREMIUM]","[PREMIUM]",8395,"[PREMIUM]",false,"PARTNER",,0,0,,,"{""exterior"":[""AGATE BLACK METALLIC"",""Aluminum Wheels"",""Automatic Headlights"",""Automatic Highbeams"",""Heated Mirrors"",""LED Headlights"",""Power Mirror(s)"",""Rear Spoiler"",""Tires - Front All-Season"",""Tires - Rear All-Season"",""Tow Hitch""],""interior"":[""3rd Row Seat"",""A/C"",""Adjustable Steering Wheel"",""Bucket Seats"",""Climate Control"",""Cloth Seats"",""Driver Adjustable Lumbar"",""Driver Illuminated Vanity Mirror"",""Driver Vanity Mirror"",""Floor Mats"",""Heated Front Seat(s)"",""Intermittent Wipers"",""Multi-Zone A/C"",""Passenger Illuminated Visor Mirror"",""Passenger Vanity Mirror"",""Power Door Locks"",""Power Driver Seat"",""Power Liftgate"",""Power Windows"",""Privacy Glass"",""Rear A/C"",""Rear Bucket Seats"",""Rear Defrost"",""Remote Trunk Release"",""Steering Wheel Audio Controls"",""Trip Computer"",""Variable Speed Intermittent Wipers""],""safety"":[""ABS"",""Blind Spot Monitor"",""Brake Assist"",""Child Safety Locks"",""Cross-Traffic Alert"",""Daytime Running Lights"",""Driver Air Bag"",""Front Head Air Bag"",""Front Side Air Bag"",""Knee Air Bag"",""Lane Departure Warning"",""Lane Keeping Assist"",""Passenger Air Bag"",""Passenger Air Bag Sensor"",""Rear Head Air Bag"",""Security System"",""Stability Control"",""Tire Pressure Monitor"",""Traction Control""],""mechanical"":[""4-Wheel Disc Brakes"",""Power Steering"",""Rear Wheel Drive"",""TRANSMISSION: 10-SPEED AUTOMATIC  (STD)"",""Turbocharged""],""technology"":[""AM/FM Stereo"",""Adaptive Cruise Control"",""Auxiliary Audio Input"",""Back-Up Camera"",""Bluetooth Connection"",""Cruise Control"",""Hard Disk Drive Media Storage"",""Immobilizer"",""Keyless Entry"",""Keyless Start"",""MP3 Capability"",""Navigation System"",""Rear Parking Aid"",""Satellite Radio"",""Telematics"",""WiFi Hotspot""],""other"":[""ACTIVE COMFORT PACKAGE  -inc: Second Row HVAC Controls  Heated Steering Wheel  Front Fascia  LED fog lamps w/silver-painted front skid plate elements and LED signature lighting  Remote Start System"",""Cruise Control Steering Assist"",""Driver Monitoring"",""Driver Restriction Features"",""ENGINE: 2.3L ECOBOOST I-4  -inc: auto start-stop technology (STD)"",""EQUIPMENT GROUP 200A STANDARD PACKAGE"",""Evasion Assist"",""FRONT LICENSE PLATE BRACKET  -inc: Standard in states requiring 2 license plates and optional to all others"",""Front Collision Mitigation"",""Rear Collision Mitigation"",""Requires Subscription"",""Smart Device Integration""]}",90,,"[PREMIUM]",1,"351 IH 35 South","New Braunfels","TX","78130","[PREMIUM]"
"771015554","2026-02-05 21:15:41.307","2026-02-05 21:15:41.307","771015554","[PREMIUM]","UW11621",2018,"DODGE","Dodge","JOURNEY","Journey","Crossroad","SUV","Used","Used 2018 Dodge Journey Crossroad",118290,"[PREMIUM]",,,"[PREMIUM]",6700,8450,"Pitch Black Clearcoat","BLACK","Black","BLACK","6CLDR","6-Cylinder",,"AUT","6-Speed Automatic","Automatic",,,,16,24,3.6,true,8,false,false,false,false,false,false,false,"PREMIUM",99842,"[PREMIUM]","[PREMIUM]","[PREMIUM]",2086,"[PREMIUM]",false,"PARTNER",433489,3.7,569,0,"[""NO_SALVAGE_TITLE"",""NO_ACCIDENTS_REPORTED"",""NO_ONE_OWNER""]","{""exterior"":[""Alloy wheels"",""Bumpers: body-color"",""Delay-off headlights"",""Front fog lights"",""Fully automatic headlights"",""Heated door mirrors"",""Power door mirrors"",""Rear window wiper""],""interior"":[""3rd row seats: bench"",""ATC w/3-Zone Temperature Control"",""Air Conditioning"",""Anti-whiplash front head restraints"",""Auto-dimming Rear-View mirror"",""Driver door bin"",""Driver vanity mirror"",""Front Bucket Seats"",""Front Center Armrest"",""Front dual zone A/C"",""Front reading lights"",""Leather Seats w/Sport Mesh Inserts"",""Leather Wrapped Shift Knob"",""Leather Wrapped Steering Wheel"",""Light Gray Accent Stitching"",""Overhead console"",""Passenger door bin"",""Passenger vanity mirror"",""Power driver seat"",""Power windows"",""Premium Door Trim Panel w/Stitching"",""Rear air conditioning"",""Rear reading lights"",""Rear seat center armrest"",""Rear window defroster"",""Reclining 3rd row seat"",""Speed-Sensitive Wipers"",""Split folding rear seat"",""Steering wheel mounted audio controls"",""Tachometer"",""Telescoping steering wheel"",""Tilt steering wheel"",""Trip computer"",""Variably intermittent wipers""],""safety"":[""ABS brakes"",""Brake assist"",""Dual front impact airbags"",""Dual front side impact airbags"",""Electronic Stability Control"",""Knee airbag"",""Low tire pressure warning"",""Occupant sensing airbag"",""Overhead airbag"",""Panic alarm"",""Traction control""],""mechanical"":[""3.16 Axle Ratio"",""4-Wheel Disc Brakes"",""Four wheel independent suspension"",""Power steering"",""Speed-sensing steering""],""technology"":[""6 Speakers"",""AM/FM radio: SiriusXM"",""Automatic temperature control"",""CD player"",""Compass"",""DVD-Audio"",""ParkView Rear Back-Up Camera"",""Radio data system"",""Radio: Uconnect 3 w/8.4\"" Display"",""Remote keyless entry"",""Speed control""],""other"":[""Front License Plate Attachment Screws (DISC)"",""Front anti-roll bar"",""Illuminated entry"",""Manufacturer's Statement of Origin (DISC)"",""Outside temperature display"",""Performance Suspension"",""Quick Order Package 28S Crossroad"",""Rear anti-roll bar"",""Roof rack: rails only"",""Wheels: 19\"" x 7\"" Black Noise Aluminum""]}",79,"Car needs a new transmission and is being sold as is.<br><br>Clean CARFAX. Pitch Black Clearcoat 2018 Dodge Journey Crossroad AWD 6-Speed Automatic 3.6L V6 24V VVT AWD, 3.16 Axle Ratio, 3rd row seats: bench, 4-Wheel Disc Brakes, 6 Speakers, ABS brakes, Air Conditioning, Alloy wheels, AM/FM radio: SiriusXM, Anti-whiplash front head restraints, ATC w/3-Zone Temperature Control, Auto-dimming Rear-View mirror, Automatic temperature control, Brake assist, Bumpers: body-color, CD player, Compass, Delay-off headlights, Driver door bin, Driver vanity mirror, Dual front impact airbags, Dual front side impact airbags, DVD-Audio, Electronic Stability Control, Four wheel independent suspension, Front anti-roll bar, Front Bucket Seats, Front Center Armrest, Front dual zone A/C, Front fog lights, Front License Plate Attachment Screws (DISC), Front reading lights, Fully automatic headlights, Heated door mirrors, Illuminated entry, Knee airbag, Leather Seats w/Sport Mesh Inserts, Leather Wrapped Shift Knob, Leather Wrapped Steering Wheel, Light Gray Accent Stitching, Low tire pressure warning, Manufacturer's Statement of Origin (DISC), Occupant sensing airbag, Outside temperature display, Overhead airbag, Overhead console, Panic alarm, ParkView Rear Back-Up Camera, Passenger door bin, Passenger vanity mirror, Performance Suspension, Power door mirrors, Power driver seat, Power steering, Power windows, Premium Door Trim Panel w/Stitching, Quick Order Package 28S Crossroad, Radio data system, Radio: Uconnect 3 w/8.4 Display, Rear air conditioning, Rear anti-roll bar, Rear reading lights, Rear seat center armrest, Rear window defroster, Rear window wiper, Reclining 3rd row seat, Remote keyless entry, Roof rack: rails only, Speed control, Speed-sensing steering, Speed-Sensitive Wipers, Split folding rear seat, Steering wheel mounted audio controls, Tachometer, Telescoping steering wheel, Tilt steering wheel, Traction control, Trip computer, Variably intermittent wipers, Wheels: 19 x 7 Black Noise Aluminum, AWD.<br><br>Recent Arrival!<br><br>Awards:<br>* 2018 KBB.com 10 Most Affordable 3-Row Vehicles<br>*** We pride ourselves in consistently exceeding our customer's expectations. Kia CPO vehicles will have an additional charge to advertised price. Price does not include dealer installed accessories(Pulse $399, Edge Guard $299, Ikon $999). See dealer for details. Stop by our dealership or give us a call for more information. Price contingent on dealer arranged financing. See dealer for cash pricing.***","[PREMIUM]",1,"770 West Riverdale Road","Ogden","UT","84405","[PREMIUM]"
"762486997","2026-02-05 21:15:41.303","2026-02-05 21:15:41.303","762486997","[PREMIUM]","SC306877",2025,"NISSAN","Nissan","PATH","Pathfinder","Platinum","SUV","New","New 2025 Nissan Pathfinder Platinum w/ Black Appearance Package",5,"[PREMIUM]",54825,,"[PREMIUM]",50900,52800,"White Pearl","WHITE","Chestnut","BROWN","6CLDR","6-Cylinder",,"AUT","9-Speed Automatic","Automatic",,,,20,25,3.5,false,,false,true,false,false,true,false,false,"PREMIUM",74790257,"[PREMIUM]","[PREMIUM]","[PREMIUM]",3293,"[PREMIUM]",false,"PARTNER",473031,4,36,,"[""NO_SALVAGE_TITLE"",""NO_ACCIDENTS_REPORTED""]","{""exterior"":[""Alloy wheels"",""Auto High-beam Headlights"",""Black Appearance Package"",""Black Grille"",""Bodyside moldings"",""Bumpers: body-color"",""Delay-off headlights"",""Fully automatic headlights"",""Heated door mirrors"",""LED Fog Lamps"",""Power door mirrors"",""Rear window wiper"",""Spoiler"",""Turn signal indicator mirrors""],""interior"":[""3rd row seats: bench"",""Air Conditioning"",""Auto-dimming Rear-View mirror"",""Cargo Area Protector"",""Cargo Net"",""Climate Controlled Front Bucket Seats"",""Driver door bin"",""Driver vanity mirror"",""Front Bucket Seats"",""Front Center Armrest"",""Front beverage holders"",""Front dual zone A/C"",""Front reading lights"",""Heated front seats"",""Heated rear seats"",""Heated steering wheel"",""Leather steering wheel"",""Memory seat"",""Overhead console"",""Passenger door bin"",""Passenger vanity mirror"",""Power Liftgate"",""Power driver seat"",""Power moonroof"",""Power passenger seat"",""Power windows"",""Rear air conditioning"",""Rear reading lights"",""Rear seat center armrest"",""Rear window defroster"",""Reclining 3rd row seat"",""Semi-Aniline Leather-Appointed Seating Surfaces"",""Speed-Sensitive Wipers"",""Split folding rear seat"",""Steering wheel memory"",""Steering wheel mounted audio controls"",""Tachometer"",""Telescoping steering wheel"",""Tilt steering wheel"",""Trip computer"",""Variably intermittent wipers"",""Ventilated front seats""],""safety"":[""ABS brakes"",""Brake assist"",""Dual front impact airbags"",""Dual front side impact airbags"",""Electronic Stability Control"",""Emergency communication system"",""Knee airbag"",""Low tire pressure warning"",""Occupant sensing airbag"",""Overhead airbag"",""Panic alarm"",""Rear side impact airbag"",""Security system"",""Traction control""],""mechanical"":[""4-Wheel Disc Brakes"",""Four wheel independent suspension"",""Power steering"",""Speed-sensing steering""],""technology"":[""13 Speakers"",""AM/FM radio: SiriusXM"",""Automatic temperature control"",""Bose Premium Audio System"",""Exterior Parking Camera Rear"",""Garage door transmitter: HomeLink"",""Heads-Up Display"",""Radio data system"",""Radio: AM/FM Audio System"",""Rain sensing wipers"",""Remote keyless entry"",""Speed control""],""other"":[""Auto tilt-away steering wheel"",""Bench Seat Carpeted Floor Mats (set of 4)"",""Black Liftgate Emblems"",""Cargo Package"",""Cross Bars"",""Dash Cam - Dual Camera Drive Recorder"",""First Aid"",""Front anti-roll bar"",""Illuminated entry"",""Navigation system: NissanConnect with Navigation and Services"",""Nissan USB Charging Cable Set"",""NissanConnect featuring Apple CarPlay and Android Auto"",""NissanConnect with Navigation and Services"",""Outside temperature display"",""Premium Paint and 2-Tone Roof"",""Rear anti-roll bar"",""Wheels: 20 x 8J Machined Alloy""]}",103,"Introducing the all-new 2025 Nissan Pathfinder Platinum, a premium 4D Sport Utility that combines comfort, capability, and cutting-edge technology. This SUV is designed for those who crave adventure without sacrificing luxury.Finished in a stunning White Pearl exterior, the Pathfinder exudes elegance and a bold presence on the road. Its sleek lines and modern design are complemented by the advanced engineering under the hood.Under the hood, you'll find a robust 3.5L V6 DOHC engine paired with a 9-speed automatic transmission. The drivetrain is a 4WD configuration, ensuring excellent handling and performance in various driving conditions. Enjoy efficient power delivery with a respectable fuel economy of 20 mpg in the city and 25 mpg on the highway.Step inside to a spacious interior featuring a luscious Chestnut color palette. The Platinum trim level means you'll enjoy premium materials and finishes throughout the cabin.Key features include:- Luxurious Leather Seating: Provides ultimate comfort and sophistication.- Advanced Safety Systems: Equipped with Nissan's latest safety technologies to keep you and your passengers secure.- Intuitive Infotainment System: Enjoy a suite of connectivity options and an easy-to-use interface.- Panoramic Sunroof: Adds an airy feel to the cabin and lets you enjoy the view above.With only 5 miles on the odometer, this Pathfinder is practically fresh off the production line, ready to embark on its journeys with you.Whether you're commuting through the city or exploring the great outdoors, the 2025 Nissan Pathfinder Platinum offers the versatility and luxury you need. Contact Alpine Nissan today at 720-880-1327  and discover what makes this SUV the perfect choice for your next adventure.","[PREMIUM]",1,"2400 W 104TH AVE","Denver","CO","80234","[PREMIUM]"
"770321614","2026-02-05 19:15:41.649","2026-02-05 19:15:41.649","770321614","[PREMIUM]","S274716",2018,"DODGE","Dodge","JOURNEY","Journey","SE","SUV","Used","Used 2018 Dodge Journey SE w/ Connectivity Group",127829,"[PREMIUM]",,,"[PREMIUM]",7150,8125,"Pitch Black Clearcoat","BLACK","Black","BLACK","4CLDR","4-Cylinder",,"AUT","4-Speed Automatic","Automatic",,,,19,25,2.4,false,17,true,false,true,false,false,false,false,"PREMIUM",71074775,"[PREMIUM]","[PREMIUM]","[PREMIUM]",4429,"[PREMIUM]",false,"PARTNER",433486,3.7,569,1,"[""NO_SALVAGE_TITLE"",""NO_ACCIDENTS_REPORTED"",""NO_ONE_OWNER""]","{""exterior"":[""17\"" Wheel Covers"",""17\"" x 6.5\"" Steel Wheels"",""ALLOY WHEELS**"",""Bumpers: body-color"",""Delay-off headlights"",""Fully automatic headlights"",""Gloss Black Grille"",""Heated door mirrors"",""Power door mirrors"",""Rear window wiper"",""Wheels: 17\"" x 6.5\"" Aluminum w/Blacktop Package""],""interior"":[""3rd row seats: bench"",""AIR CONDITIONING**"",""Air Conditioning"",""Anti-whiplash front head restraints"",""Driver door bin"",""Driver vanity mirror"",""Front Bucket Seats"",""Front Center Armrest"",""Front dual zone A/C"",""Front reading lights"",""Leather Wrapped Shift Knob"",""Leather Wrapped Steering Wheel"",""POWER LOCKS**"",""POWER WINDOWS**"",""Passenger door bin"",""Power windows"",""Premium Cloth Low-Back Bucket Seats"",""Rear reading lights"",""Rear seat center armrest"",""Rear window defroster"",""Reclining 3rd row seat"",""STEERING WHEEL AUDIO CONTROLS**"",""Speed-Sensitive Wipers"",""Split folding rear seat"",""Steering wheel mounted audio controls"",""Tachometer"",""Telescoping steering wheel"",""Tilt steering wheel"",""Trip computer"",""Variably intermittent wipers""],""safety"":[""ABS brakes"",""Brake assist"",""Dual front impact airbags"",""Dual front side impact airbags"",""Electronic Stability Control"",""Knee airbag"",""Low tire pressure warning"",""Occupant sensing airbag"",""Overhead airbag"",""Panic alarm"",""REAR CROSS TRAFFIC ALERT**"",""Traction control""],""mechanical"":[""4-Wheel Disc Brakes"",""4.28 Axle Ratio"",""Four wheel independent suspension"",""Power steering"",""Speed-sensing steering""],""technology"":[""4.3\"" Touch Screen Display"",""6 Speakers"",""AM/FM radio"",""Audio Jack Input for Mobile Devices"",""BLUETOOTH - HANDS FREE**"",""CD player"",""CRUISE CONTROL**"",""KEYLESS ENTRY**"",""KEYLESS START**"",""REAR BACK UP CAMERA**"",""Radio data system"",""Radio: 4.3"",""Radio: 4.3S"",""Remote USB Port"",""Remote keyless entry"",""Sirius Satellite Radio"",""Speed control"",""Uconnect Voice Command w/Bluetooth""],""other"":[""1-Year SiriusXM Radio Service"",""3 DAY 150 MILE MONEY BACK GUARANTEE**"",""3 FREE MONTHS XM RADIO (IF EQUIPPED)**"",""60 DAY POWERTRAIN WARRANTY**"",""Black Headlamp Bezels"",""Blacktop Package"",""COME SEE THIS BEAUTIFUL TRUCK AT MIKE MAROONE CHEVROLET SOUTH 230 N ACADEMY BLVD COLORADO SPRINGS CO"",""Connectivity Group"",""FREE DELIVERY ANYWHERE IN COLORADO**"",""FRESH OIL & FILTER CHANGE**"",""FRONT & REAR BRAKES**"",""Front anti-roll bar"",""Illuminated entry"",""KEYLESS OPEN**"",""Manufacturer's Statement of Origin (DISC)"",""Normal Duty Suspension"",""Outside temperature display"",""PASSIVE ENTRY SYSTEM**"",""Quick Order Package 22F (DISC)"",""Rear anti-roll bar"",""Roof rack: rails only"",""SERVICE RECORDS AVAILABLE**""]}",98,"COME SEE THIS BEAUTIFUL 2018 Dodge Journey SE AT MIKE MAROONE CHEVROLET SOUTH 230 N ACADEMY BLVD COLORADO SPRINGS CO, 3 DAY 150 MILE MONEY BACK GUARANTEE**, FREE DELIVERY ANYWHERE IN COLORADO**, 60 DAY POWERTRAIN WARRANTY**, 3 FREE MONTHS XM RADIO (IF EQUIPPED)**, AIR CONDITIONING**, ALLOY WHEELS**, BLUETOOTH - HANDS FREE**, FRESH OIL &amp; FILTER CHANGE**, FRONT &amp; REAR BRAKES**, PASSIVE ENTRY SYSTEM**, KEYLESS OPEN**, KEYLESS START**, KEYLESS ENTRY**, CRUISE CONTROL**, POWER WINDOWS**, POWER LOCKS**, REAR BACK UP CAMERA**, REAR CROSS TRAFFIC ALERT**, SERVICE RECORDS AVAILABLE**, STEERING WHEEL AUDIO CONTROLS**. FWD Certification Program Details: This 2018 Dodge Journey SE also comes with the FULL Mike Maroone 60-Day warranty. We will review the technician's vehicle inspection report with you before purchase. Our intention is to provide you a completely transparent buying experience. At Mike Maroone our used vehicles are Safety Checked, Warrantied, CARFAX, and if you don't like it ... Bring it back! All of our new and used vehicles come with the Mike Maroone Preferred Owner Advantages listed below: - MARKET BASED PRICING - 3 DAY/150 MILE MONEY BACK GUARANTEE - FREE LOANERS FOR SERVICE GUESTS WHO SET AN ONLINE APPOINTMENT - 12 MONTH/12K MILE SERVICE/COLLISION GUARANTEE - 60 DAY LIMITED POWERTRAIN PRE-OWNED VEHICLE WARRANTY - MILITARY DEPLOYMENT BUYBACK GUARANTEE - FREE DELIVERY ANYWHERE IN COLORADO For more information or vehicles like it, stop by Mike Maroone South today. We are just south of the Citadel Mall on the corner of Academy and Bijou.","[PREMIUM]",26,"230 N ACADEMY BLVD","Colorado Springs","CO","80909","[PREMIUM]"
"769982107","2026-02-05 13:15:38.064","2026-02-05 13:15:38.064","769982107","[PREMIUM]","6803",2018,"CHEV","Chevrolet","CHETRAX","Trax","LS","SUV","Used","Used 2018 Chevrolet Trax LS",119000,"[PREMIUM]",,,"[PREMIUM]",7505,8530,"White","WHITE",,,"4CLDR","4-Cylinder Turbo","2 wheel drive - front","AUT","6-Speed Automatic","Automatic","G","Gasoline","Gas",25,33,1.4,false,22,true,false,false,false,false,false,false,"FEATURED",74926153,"[PREMIUM]","[PREMIUM]","[PREMIUM]",264,"[PREMIUM]",false,"PARTNER",431790,3.5,101,0,"[""NO_SALVAGE_TITLE"",""ACCIDENTS_REPORTED"",""NO_ONE_OWNER""]","{""interior"":[""Front Power Lumbar Support"",""Power Windows"",""Telescopic Steering Column""],""safety"":[""ABS Brakes"",""Child Safety Door Locks"",""Driver Airbag"",""Front Side Airbag"",""Passenger Airbag"",""Side Head Curtain Airbag"",""Vehicle Anti-Theft""]}",10,"Selling Our 2018 Chevy Trax LS runs and drives very smooth with no issues.Fuel-efficient 1.4L turbo engine and easy to drive.Has a back-up camera, comfortable interior, and plenty of space for a compact SUV.Great daily driver.$6,500 (retail around $7,999)90-day warranty available ask for detailsCincinnati, OH message if interested. Visit First Choice Auto LLc to shop our great deals. You can call 283-222-0313  to schedule your test drive today.","[PREMIUM]",35,"9185 READING RD","Cincinnati","OH","45215","[PREMIUM]"
"761127290","2026-02-05 13:15:37.928","2026-02-05 13:15:37.928","761127290","[PREMIUM]","6N017837A",2018,"HYUND","Hyundai","ELANTR","Elantra","SEL","SEDAN","Used","Used 2018 Hyundai Elantra SEL",178471,"[PREMIUM]",,,"[PREMIUM]",6160,7260,"Symphony Silver","SILVER","Gray","GRAY","4CLDR","4-Cylinder",,"AUT","6-Speed Automatic","Automatic",,,,28,37,2,false,128,false,false,false,false,false,false,false,"FEATURED",73508113,"[PREMIUM]","[PREMIUM]","[PREMIUM]",644,"[PREMIUM]",false,"PARTNER",429268,4,133,1,"[""NO_SALVAGE_TITLE"",""ACCIDENTS_REPORTED"",""NO_ONE_OWNER""]","{""exterior"":[""Aluminum Alloy Wheels"",""Auto On/off Headlights"",""Black Window Trim"",""Body-color Rear Bumper Color"",""Halogen Headlights"",""Heated Side Mirrors""],""interior"":[""2 Front Headrests"",""3 Rear Headrests"",""Adjustable Front Headrests"",""Air Filtration"",""Audio Steering Wheel Mounted Controls"",""Cargo Area Light"",""Carpet Floor Material"",""Clock"",""Cruise Control Steering Wheel Mounted Controls"",""Door Pockets Storage"",""Dual Illuminating Vanity Mirrors"",""Emergency Interior Trunk Release"",""Fixed Rear Headrests"",""Front Air Conditioning"",""Front Overhead Console"",""Front Reading Lights"",""Front Seatback Storage"",""Hill Holder Control"",""Manual Day/night Rearview Mirror"",""Premium Cloth Upholstery"",""Rear Cupholders"",""Rear Window Defogger"",""Solar-tinted Glass"",""Tilt And Telescopic Steering Wheel""],""safety"":[""3-point Front Seatbelts"",""3-point Rear Seatbelts"",""4-wheel ABS"",""Braking Assist"",""Child Safety Door Locks"",""Daytime Running Lights"",""Driver Knee Airbags"",""Dual Front Airbags"",""Electronic Brakeforce Distribution"",""Front Crumple Zones"",""Front Seatbelt Pretensioners"",""Front Side Airbags"",""Front Side Curtain Airbags"",""Rear Cross Traffic Alert"",""Rear Side Curtain Airbags"",""Stability Control"",""Tire Pressure Monitoring System"",""Traction Control""],""mechanical"":[""MacPherson Front Struts"",""Power Brakes"",""Power Steering""],""technology"":[""AM/FM Radio"",""Android Auto Smartphone Integration"",""Apple CarPlay Smartphone Integration"",""Cruise Control"",""HD Radio Radio"",""Multi-function Display"",""Radio Data System"",""Rearview Camera System"",""SiriusXM Satellite Radio"",""Speed Sensitive Volume Control""],""other"":[""1 One-touch Windows"",""150 Amps Alternator"",""3.5 In. Instrument Cluster Screen Size"",""6 Driver Seat Manual Adjustments"",""6 Passenger Seat Manual Adjustments"",""6 Total Speakers"",""60-40 Split Bench Rear Seat Type"",""7 In. Infotainment Screen Size"",""Accessory Hook Storage"",""Alarm Anti-theft System"",""Auto-locking Power Door Locks"",""Battery Saver"",""Black Grille Color"",""Bluetooth Auxiliary Audio Input"",""Bluetooth Wireless Data Link"",""Body-color Door Handle Color"",""Body-color Front Bumper Color"",""Body-color Mirror Color"",""Bucket Front Seat Type"",""Chrome Exhaust Tip Color"",""Coil Front Spring Type"",""Coil Rear Spring Type"",""Coolant Temperature Warning Warnings And Reminders"",""Diameter 22 Mm Front Stabilizer Bar"",""Digital Odometer"",""Diversity Antenna Type"",""Drive Mode Selector"",""Driver Emergency Locking Retractors"",""Dual Tip Exhaust"",""Element Antenna Type"",""External Temperature Display"",""Front Assist Handle"",""Front C>"",""Front Console With Armrest And Storage Center Console"",""Front Seatbelt Force Limiters"",""Front Seatbelt Warning Sensor"",""Height Driver Seat Manual Adjustments"",""Height Passenger Seat Manual Adjustments"",""IPod/iPhone Auxiliary Audio Input"",""In Dash Rearview Monitor"",""Inside Spare Tire Mount Location"",""Jack Auxiliary Audio Input"",""Keyless Entry Multi-function Remote"",""LATCH System Child Seat Anchors"",""Lamp Failure Warnings And Reminders"",""Lockout Button Power Windows"",""Low Battery Warnings And Reminders"",""Low Fuel Level Warnings And Reminders"",""Low Oil Pressure Warnings And Reminders"",""Lower Control Arms Front Suspension Type"",""MPG Fuel Economy Display"",""Maintenance-free Battery"",""Manual Folding Side Mirror Adjustments"",""Metallic-tone Interior Accents"",""Monotube Rear Shock Type"",""Panic Alarm Multi-function Remote"",""Phone Steering Wheel Mounted Controls"",""Power Side Mirror Adjustments"",""Range Fuel Economy Display"",""Rear Assist Handle"",""Rear Crumple Zones"",""Reclining Driver Seat Manual Adjustments"",""Reclining Passenger Seat Manual Adjustments"",""Safety Reverse Power Windows"",""Scuff Plate Door Sill Trim"",""Second Row Rear Vents"",""Semi-independent Rear Suspension Classification"",""Sensor/alert Blind Spot Safety"",""Single Front Air Conditioning Zones"",""Split Rear Seat Folding"",""Steel Spare Wheel Type"",""Sunglasses Holder Storage"",""Tachometer Gauge"",""Torsion Beam Rear Suspension Type"",""Touch Screen Display Radio"",""Trip Odometer"",""Trunk Release Multi-function Remote"",""Twin-tube Gas Front Shock Type"",""Two 12V Front Power Outlet(s)""]}",140,"16 x 6.5 Alloy Wheels, 4-Wheel Disc Brakes, 6 Speakers, ABS brakes, Alloy wheels, AM/FM radio: SiriusXM, Brake assist, Delay-off headlights, Dual front impact airbags, Dual front side impact airbags, Electronic Stability Control, Exterior Parking Camera Rear, Front anti-roll bar, Front Bucket Seats, Front Center Armrest, Front reading lights, Front wheel independent suspension, Fully automatic headlights, Heated door mirrors, Illuminated entry, Knee airbag, Low tire pressure warning, Occupant sensing airbag, Option Group 01, Outside temperature display, Overhead airbag, Overhead console, Panic alarm, Passenger vanity mirror, Power door mirrors, Radio: AM/FM/HD/SiriusXM/MP3 Display Audio, Remote keyless entry, Security system, Speed control, Speed-sensing steering, Split folding rear seat, Steering wheel mounted audio controls, Tachometer, Traction control, Variably intermittent wipers.2018 Hyundai Elantra SEL","[PREMIUM]",33,"421 AUTO CENTER DR","Palmdale","CA","93551","[PREMIUM]"
"770641146","2026-02-05 13:15:37.626","2026-02-05 13:15:37.626","770641146","[PREMIUM]","AA249",2018,"NISSAN","Nissan","SENTRA","Sentra","S","SEDAN","Used","Used 2018 Nissan Sentra S",158466,"[PREMIUM]",,,"[PREMIUM]",5980,6905,,,,,"4CLDR","4-Cylinder",,"AUT","Continuously Variable Automatic","Automatic",,,,27,35,1.8,false,13,false,false,false,false,false,false,false,"STANDARD",75365811,"[PREMIUM]","[PREMIUM]","[PREMIUM]",34,"[PREMIUM]",false,"FEATURED PLUS",432174,3.6,265,0,"[""NO_SALVAGE_TITLE"",""NO_ACCIDENTS_REPORTED"",""NO_ONE_OWNER""]","{""exterior"":[""Alloy Wheels""],""interior"":[""Air Conditioning"",""Power Door Locks"",""Power Windows"",""Remote Trunk Release""],""safety"":[""ABS (4-Wheel)"",""Dual Air Bags"",""F&R Head Curtain Air Bags"",""Side Air Bags"",""Traction Control"",""Vehicle Dynamic Control""],""mechanical"":[""4-Cyl 1.8 Liter"",""Auto CVT w/Xtronic"",""FWD"",""Power Steering""],""technology"":[""AM/FM Stereo"",""Backup Camera"",""Bluetooth Wireless"",""CD/MP3 (Single Disc)"",""Cruise Control"",""Keyless Entry""],""other"":[""Tilt & Telescoping Wheel""]}",22,,"[PREMIUM]",,"508 E PLEASANT RUN RD STE 202","Lancaster","TX","75146","[PREMIUM]"
"771445906","2026-02-05 13:15:37.036","2026-02-05 13:15:37.036","771445906","[PREMIUM]",,2018,"FORD","Ford","FIESTA","Fiesta","S","SEDAN","Used","Used 2018 Ford Fiesta S",119000,"[PREMIUM]",,,"[PREMIUM]",4845,5645,"Black","BLACK","Gray","GRAY","4CLDR","4-Cylinder",,"AUT","6-Speed Automatic","Automatic",,,,,,1.6,false,2,false,true,false,false,false,false,false,"FREE",73206657,"[PREMIUM]","[PREMIUM]","[PREMIUM]",63,"[PREMIUM]",false,,434425,3.9,384,0,"[""NO_SALVAGE_TITLE"",""NO_ACCIDENTS_REPORTED"",""NO_ONE_OWNER""]","{""exterior"":[""Front Bumper Color - Body-Color"",""Headlights - Halogen"",""Headlights - Quad Headlights"",""Rear Bumper Color - Body-Color"",""Side Mirror Adjustments - Manual Folding"",""Spare Wheel Type - Steel"",""Tire Type - All Season""],""interior"":[""Air Filtration"",""Cargo Area Light"",""Center Console - Front Console With Storage"",""Clock"",""Courtesy Lights - Door"",""Cupholders - 6"",""Cupholders - Front"",""Cupholders - Rear"",""Door Handle Color - Body-Color"",""Driver Seat Manual Adjustments - 6"",""Emergency Interior Trunk Release"",""Floor Mat Material - Carpet"",""Floor Material - Carpet"",""Floor Mats - Front"",""Front Air Conditioning"",""Front Air Conditioning Zones - Single"",""Front Headrests - 2"",""Front Headrests - Adjustable"",""Front Seat Type - Bucket"",""Front Wipers - Variable Intermittent"",""Gauge - Tachometer"",""Headlight Bezel Color - Black"",""Hill Holder Control"",""Interior Accents - Metallic-Tone"",""Passenger Seat Manual Adjustments - 4"",""Power Door Locks - Anti-Lockout"",""Power Door Locks - Auto-Locking"",""Power Outlet(S) - 12v Front"",""Reading Lights - Front"",""Rear Headrests - 3"",""Rear Headrests - Adjustable"",""Rear Seat Folding - Split"",""Rear Seat Type - 60-40 Split Bench"",""Shift Knob Trim - Urethane"",""Solar-Tinted Glass - Front"",""Steering Wheel - Tilt And Telescopic"",""Steering Wheel Mounted Controls - Audio"",""Steering Wheel Trim - Urethane"",""Storage - Door Pockets"",""Storage - Front Seatback"",""Upholstery - Cloth"",""Vanity Mirrors - Dual""],""safety"":[""Abs - 4-Wheel"",""Airbag Deactivation - Occupant Sensing Passenger"",""Anti-Theft System - Alarm"",""Anti-Theft System - Perimeter Alarm"",""Braking Assist"",""Child Safety Door Locks"",""Child Seat Anchors - Latch System"",""Crumple Zones - Front"",""Crumple Zones - Rear"",""Electronic Brakeforce Distribution"",""Emergency Locking Retractors - Front"",""Front Airbags - Dual"",""Front Seatbelts - 3-Point"",""Knee Airbags - Driver"",""Rear Seatbelts - 3-Point"",""Roll Stability Control"",""Seatbelt Force Limiters - Front"",""Seatbelt Pretensioners - Front"",""Seatbelt Warning Sensor - Fron"",""Side Airbags - Front"",""Side Curtain Airbags - Front"",""Spare Tire Mount Location - Inside"",""Spare Tire Size - Temporary"",""Stability Control"",""Tire Pressure Monitoring System"",""Traction Control""],""mechanical"":[""Axle Ratio - 4.07"",""Front Shock Type - Gas"",""Front Spring Type - Coil"",""Front Stabilizer Bar"",""Front Struts - Macpherson"",""Front Suspension Classification - Independent"",""Front Suspension Type - Lower Control Arms"",""Power Brakes"",""Power Steering"",""Rear Shock Type - Gas"",""Rear Spring Type - Coil"",""Rear Suspension Classification - Semi-Independent"",""Rear Suspension Type - Torsion Beam""],""technology"":[""Antenna Type - Mast"",""Auxiliary Audio Input - Bluetooth"",""Auxiliary Audio Input - Jack"",""Auxiliary Audio Input - Usb"",""Electronic Messaging Assistance - With Read Function"",""In-Dash Cd - Mp3 Playback"",""In-Dash Cd - Single Disc"",""Infotainment - Sync"",""Infotainment Screen Size - 4.2 In."",""Multi-Function Display"",""Radio - Am/Fm"",""Radio - Voice Operated"",""Rearview Monitor - In Dash"",""Speed Sensitive Volume Control"",""Total Speakers - 6""],""other"":[""Anti-Theft System - Vehicle Immobilizer"",""Assist Handle - Front"",""Assist Handle - Rear"",""Battery - Maintenance-Free"",""Battery Rating - 500 Cca"",""Battery Saver"",""Camera System - Rearview"",""Capless Fuel Filler System"",""Connected In-Car Apps - App Marketplace Integration"",""Digital Odometer"",""Door Trim - Cloth"",""Front Brake Diameter - 10.2"",""Front Brake Type - Ventilated Disc"",""Grille Color - Black With Chrome Accents"",""Hands-Free Phone Call Integration - Voice Operated"",""Laminated Glass - Acoustic Windshield"",""Mirror Color - Body-Color"",""Multi-Function Remote - Keyless Entry"",""Multi-Function Remote - Panic Alarm"",""Multi-Function Remote - Trunk Release"",""Rear Brake Diameter - 7.9"",""Rear Brake Type - Drum"",""Rear Vents - Second Row"",""Rearview Mirror - Manual Day/Night"",""Side Curtain Airbags - Rear"",""Side Mirror Adjustments - Power"",""Steering Ratio - 14.3"",""Storage - Accessory Hook"",""Warnings And Reminders - Low Fuel Level"",""Warnings And Reminders - Low Oil Level""]}",133,"Runs and drives great<br><br>119k miles<br><br>Clean title<br><br>Bluetooth<br><br>4 cylinder engine gets great fuel mileage<br><br>Trades welcome<br><br>We accept all major Debit/CC<br><br>Bates Car Company<br><br>(503) 207-3168<br><br>9130 Portland Rd NE<br>Salem Oregon 97305<br><br>By appointment only<br><br>","[PREMIUM]",1,"9140 PORTLAND RD NE","Salem","OR","97305","[PREMIUM]"
"767851392","2026-02-05 11:15:37.542","2026-02-05 11:15:37.542","767851392","[PREMIUM]","S3056B",2018,"DODGE","Dodge","JOURNEY","Journey","SE","SUV","Used","Used 2018 Dodge Journey SE w/ Popular Equipment Group",122491,"[PREMIUM]",,,"[PREMIUM]",7430,8405,"White Noise Tri-coat",,"Black","BLACK","4CLDR","4-Cylinder",,"AUT","4-Speed Automatic","Automatic",,,,19,25,2.4,false,50,false,false,false,false,false,false,false,"PREMIUM",87015,"[PREMIUM]","[PREMIUM]","[PREMIUM]",10923,"[PREMIUM]",false,"PARTNER",433486,3.7,569,1,"[""NO_SALVAGE_TITLE"",""NO_FRAME_DAMAGE"",""NO_FLOOD_WATER_DAMAGE"",""NO_ACCIDENTS_REPORTED"",""NO_ONE_OWNER""]","{""exterior"":[""Black Power Heated Side Mirrors w/Manual Folding"",""Black Side Windows Trim"",""Body-Colored Front Bumper w/Metal-Look Bumper Insert"",""Body-Colored Rear Bumper"",""Chrome Grille"",""Liftgate Rear Cargo Access"",""Single Stainless Steel Exhaust"",""Tires: P225/65R17 BSW A/S Touring""],""interior"":[""Body-Colored Door Handles"",""Privacy Glass"",""Rear Defrost"",""Speed Sensitive Variable Intermittent Wipers""],""safety"":[""Child Safety Locks"",""Curtain 1st And 2nd Row Airbags"",""Dual Stage Driver And Passenger Front Airbags"",""Front Side Air Bag"",""Knee Air Bag"",""Outboard Front Lap And Shoulder Safety Belts -inc: Rear Center 3 Point Height Adjusters and Pretensioners"",""Passenger Air Bag Sensor"",""Side Impact Beams"",""Steel Spare Wheel"",""Temporary Spare Tire"",""Tire Pressure Monitor""],""mechanical"":[""4.28 Axle Ratio"",""50 State Emissions"",""Multi-Link Rear Suspension w/Coil Springs"",""Power Steering"",""Strut Front Suspension w/Coil Springs""],""other"":[""160 Amp Alternator"",""20.5 Gal. Fuel Tank"",""4-Wheel Disc Brakes w/4-Wheel ABS Front Vented Discs and Brake Assist"",""525CCA Maintenance-Free Battery w/Run Down Protection"",""Auto On/Off Reflector Halogen Daytime Running Headlamps w/Delay-Off"",""Front And Rear Anti-Roll Bars"",""GVWR: 5250 lbs"",""Galvanized Steel/Aluminum/Composite Panels"",""Gas-Pressurized Shock Absorbers"",""Normal Duty Suspension"",""Perimeter/Approach Lights"",""Towing Equipment -inc: Trailer Sway Control""]}",40,"Picture yourself in this beauty. With an EPA estimated fuel rating of 21 MPG combined, you'll start saving cash at the pump. With powered side mirrors. Safe and reliable. Great for families. Easily connect your bluetooth enabled devices. Features include: a cabin air filtration system, cruise control, low tire pressure warning and airbags.","[PREMIUM]",1,"20403 I-45 North","Spring","TX","77388","[PREMIUM]"
"771302454","2026-02-05 11:15:37.288","2026-02-05 11:15:37.288","771302454","[PREMIUM]","MD260676A",2018,"CHEV","Chevrolet","EQUINOX","Equinox","LS","SUV","Used","Used 2018 Chevrolet Equinox LS",233248,"[PREMIUM]",,,"[PREMIUM]",4930,6330,"Nightfall Gray Metallic","GRAY","Medium Ash Gray","GRAY","4CLDR","4-Cylinder Turbo",,"AUT","6-Speed Automatic","Automatic",,,,26,32,1.5,false,5,false,true,false,false,false,false,false,"FEATURED",68915789,"[PREMIUM]","[PREMIUM]","[PREMIUM]",3021,"[PREMIUM]",false,"PARTNER",424802,3.9,150,0,"[""NO_SALVAGE_TITLE"",""NO_FRAME_DAMAGE"",""NO_FLOOD_WATER_DAMAGE"",""NO_ACCIDENTS_REPORTED"",""ONE_OWNER""]","{""exterior"":[""17\"" Aluminum Wheels"",""Alloy wheels"",""Bumpers: body-color"",""Delay-off headlights"",""Fully automatic headlights"",""Power door mirrors"",""Rear window wiper"",""Set of 4 Wheel Locks (LPO)"",""Spoiler""],""interior"":[""Air Conditioning"",""All-Weather Floor Liners (LPO)"",""Carpeted Rear Floor Mats"",""Driver door bin"",""Driver vanity mirror"",""Front Bucket Seats"",""Front Center Armrest"",""Front reading lights"",""Overhead console"",""Passenger door bin"",""Passenger vanity mirror"",""Power windows"",""Premium Cloth Seat Trim"",""Rear reading lights"",""Rear seat center armrest"",""Rear window defroster"",""Split folding rear seat"",""Steering wheel mounted audio controls"",""Tachometer"",""Telescoping steering wheel"",""Tilt steering wheel"",""Trip computer"",""Variably intermittent wipers""],""safety"":[""ABS brakes"",""Brake assist"",""Dual front impact airbags"",""Dual front side impact airbags"",""Electronic Stability Control"",""Low tire pressure warning"",""Occupant sensing airbag"",""Overhead airbag"",""Panic alarm"",""Security system"",""Traction control""],""mechanical"":[""3.50 Final Drive Axle Ratio"",""4-Wheel Disc Brakes"",""Four wheel independent suspension"",""Power steering"",""Speed-sensing steering""],""technology"":[""6 Speaker Audio System Feature"",""6 Speakers"",""AM/FM radio"",""Compass"",""Exterior Parking Camera Rear"",""Premium audio system: Chevrolet MyLink"",""Radio data system"",""Radio: Chevrolet MyLink AM/FM Stereo"",""Remote keyless entry"",""SiriusXM Satellite Radio Delete"",""Speed control"",""USB Port & Auxiliary Input Jack""],""other"":[""4-Way Manual Driver Seat Adjuster"",""Apple CarPlay/Android Auto"",""Bluetoothï¾® For Phone"",""Emergency communication system: OnStar and Chevrolet connected services capable"",""Front Passenger 4-Way Manual Seat Adjuster"",""Front anti-roll bar"",""Illuminated entry"",""Mechanical Jack w/Tools"",""Outside temperature display"",""Preferred Equipment Group 1LS"",""Rear anti-roll bar""]}",71,"Clean CARFAX.<br><br>Powerful and efficient, our 2018 Chevrolet Equinox LS SUV is sensational in Nightfall Gray Metallic! Powered by a TurboCharged 1.5 Liter 4 Cylinder that offers 170hp while connected to a responsive 6 Speed Automatic transmission for easy passing. This capable Front Wheel Drive SUV is going to please you with its confident demeanor as it handles beautifully, while also rewarding your wallet with near 32mpg on the highway. Our Equinox LS strikes a perfect balance of sporty sophistication with its sweeping silhouette. Halogen headlamps, outside heated power-adjustable mirrors, solar-absorbing glass, and great-looking wheels emphasize the smart styling.<br><br>The LS interior boasts ample cargo space, heated cloth seats, and lots of head/leg room to make everyone happy. Chevrolet MyLink audio system with a color touchscreen, a USB port, available WiFi, smartphone compatibility, power windows/locks, push-button start, and keyless open add to the comfort and convenience.<br><br>Safety is paramount with Chevrolet, evidenced by an airbag system, LED daytime running lamps, a rear vision camera, StabiliTrak, Teen Driver Technology, and other safety innovations. Chevrolet is committed to automotive excellence and has a sterling reputation for reliability, security, and performance that will add to your peace of mind each time you get behind the wheel of your Equinox.<br><br>When you do business with Todd Wenzel, we want you to have a premium experience; that is why we offer the Todd Wenzel Platinum Rewards Program to our customers. With the Todd Wenzel Platinum Rewards Program, we reward you for doing business with us. You can expect to receive VIP service like free multi-point inspections and on-demand courtesy vehicles at no charge. Purchase a GM Certified Pre-Owned vehicle and you'll also earn My GM Rewards points for purchases of GM products and services to redeem for discounts on future purchases and services. It's that simple.","[PREMIUM]",6,"1146 S STATE RD","Davison","MI","48423","[PREMIUM]"
"759390340","2026-02-05 11:15:36.466","2026-02-05 11:15:36.466","759390340","[PREMIUM]","6671",2018,"CHEV","Chevrolet","CHETRAX","Trax","LS","SUV","Used","Used 2018 Chevrolet Trax LS",122215,"[PREMIUM]",,"Great","[PREMIUM]",7345,8370,"White","WHITE","Black","BLACK","4CLDR","4-Cylinder Turbo",,"AUT","6-Speed Automatic","Automatic",,,,25,33,1.4,false,147,false,false,true,false,false,false,false,"PREMIUM",74022227,"[PREMIUM]","[PREMIUM]","[PREMIUM]",261,"[PREMIUM]",false,"PARTNER",431790,3.5,101,0,"[""NO_SALVAGE_TITLE"",""ACCIDENTS_REPORTED"",""ONE_OWNER""]",,,,"[PREMIUM]",25,"314 S MILL ST","Pryor","OK","74361","[PREMIUM]"
"770676528","2026-02-05 11:15:36.312","2026-02-05 11:15:36.312","770676528","[PREMIUM]",,2018,"FORD","Ford","FOCUS","Focus","Titanium","HATCH","Used","Used 2018 Ford Focus Titanium",108594,"[PREMIUM]",,,"[PREMIUM]",7240,8790,"Magnetic","UNKNOWN","Black","BLACK","4CLDR","4-Cylinder","2 wheel drive - front","AUT","6-Speed Automatic","Automatic","F","Flexible Fuel","Gas",24,34,2,true,13,false,false,false,false,false,false,false,"STANDARD",68996619,"[PREMIUM]","[PREMIUM]","[PREMIUM]",80,"[PREMIUM]",false,"FEATURED PLUS",431239,3.6,871,0,"[""NO_SALVAGE_TITLE"",""NO_ACCIDENTS_REPORTED"",""NO_ONE_OWNER""]","{""exterior"":[""Active Grille Shutters"",""Front Bumper Color - Body-Color"",""Front Fog Lights"",""Headlights - Wiper Activated"",""Liftgate Window - Fixed"",""Rear Bumper Color - Body-Color"",""Rear Spoiler - Roofline"",""Rear Spoiler Color - Body-Color"",""Rear Wiper - With Washer"",""Spare Wheel Type - Steel""],""interior"":[""Air Filtration"",""Armrests - Rear Center Folding With Storage"",""Cargo Area Light"",""Cargo Cover - Hard"",""Center Console - Front Console With Armrest And Storage"",""Clock"",""Cupholders - Front"",""Door Handle Color - Body-Color"",""Driver Seat - Heated"",""Driver Seat Power Adjustments - Reclining"",""Floor Mat Material - Carpet"",""Floor Material - Carpet"",""Floor Mats - Rear"",""Front Air Conditioning - Automatic Climate Control"",""Front Air Conditioning Zones - Dual"",""Front Headrests - Adjustable"",""Front Seat Type - Bucket"",""Front Wipers - Variable Intermittent"",""Gauge - Tachometer"",""Headlight Bezel Color - Chrome"",""Heated Steering Wheel"",""Hill Holder Control"",""Interior Accents - Metallic-Tone"",""Moonroof / Sunroof - Tilt/Slide"",""One-Touch Windows - 4"",""Overhead Console - Front"",""Parking Brake Trim - Leather"",""Passenger Seat - Heated"",""Passenger Seat Manual Adjustments - Reclining"",""Power Door Locks - Auto-Locking"",""Power Outlet(S) - 12v Rear"",""Power Windows - Lockout Button"",""Power Windows - Safety Reverse"",""Push-Button Start"",""Reading Lights - Rear"",""Rear Headrests - Adjustable"",""Rear Seat Folding - Split"",""Rear Seat Type - 60-40 Split Bench"",""Shift Knob Trim - Leather""],""safety"":[""Abs - 4-Wheel"",""Airbag Deactivation - Occupant Sensing Passenger"",""Braking Assist"",""Child Safety Door Locks"",""Child Seat Anchors - Latch System"",""Crumple Zones - Rear"",""Daytime Running Lights - Led"",""Electronic Brakeforce Distribution"",""Emergency Locking Retractors - Rear"",""Front Airbags - Dual"",""Front Seatbelts - 3-Point"",""Impact Sensor - Post-Collision Safety System"",""Knee Airbags - Driver"",""Rear Seatbelts - 3-Point"",""Roll Stability Control"",""Seatbelt Force Limiters - Front"",""Seatbelt Pretensioners - Front"",""Seatbelt Warning Sensor - Front"",""Side Airbags - Front"",""Spare Tire Mount Location - Inside"",""Spare Tire Size - Temporary""],""mechanical"":[""Axle Ratio - 3.85"",""Front Shock Type - Gas"",""Front Spring Type - Coil"",""Front Stabilizer Bar - Diameter 25 Mm"",""Front Struts - Macpherson"",""Front Suspension Classification - Independent"",""Front Suspension Type - Lower Control Arms"",""Power Brakes"",""Power Steering"",""Rear Shock Type - Gas"",""Rear Spring Type - Coil"",""Rear Stabilizer Bar - Diameter 19 Mm"",""Rear Suspension Classification - Independent"",""Rear Suspension Type - Multi-Link""],""technology"":[""Antenna Type - Mast"",""Auto Start/Stop"",""Auxiliary Audio Input - Usb"",""Compass"",""Cornering Brake Control"",""Cruise Control"",""Electronic Messaging Assistance - With Read Function"",""In-Dash Cd - Single Disc"",""Infotainment - Sync"",""Infotainment Screen Size - 8 In."",""Keypad Entry"",""Multi-Function Display"",""Parking Sensors - Rear"",""Premium Brand - Sony"",""Radio - Voice Operated"",""Radio Data System"",""Rearview Monitor - In Dash"",""Remote Engine Start"",""Satellite Radio - Siriusxm""],""other"":[""Ambient Lighting - Color-Adjustable"",""Anti-Theft System - Vehicle Immobilizer"",""Assist Handle - Front"",""Battery - Maintenance-Free"",""Battery Saver"",""Camera System - Rearview"",""Capless Fuel Filler System"",""Connected In-Car Apps - Google Search"",""Digital Odometer"",""Exterior Entry Lights - Puddle Lamps"",""External Temperature Display"",""Front Brake Diameter - 10.9"",""Front Brake Type - Ventilated Disc"",""Front Brake Width - 0.98"",""Fuel Economy Display - Range"",""Grille Color - Silver"",""Hands-Free Phone Call Integration - Voice Operated"",""Mirror Color - Body-Color"",""Multi-Function Remote - Trunk Release"",""Programmable Safety Key"",""Rear Brake Diameter - 10.7"",""Rear Brake Type - Disc"",""Rear Brake Width - .43"",""Rear Trunk/Liftgate - Liftgate"",""Rear Vents - Second Row"",""Rearview Mirror - Manual Day/Night"",""Rocker Panel Color - Black"",""Side Curtain Airbags - Rear"",""Side Mirror Adjustments - Power"",""Side Mirrors - Integrated Turn Signals"",""Smartphone Integration - Apple Carplay""]}",134,"Introducing the 2018 Ford Focus Titanium - the ultimate combination of style, performance, and technology. This sleek and modern sedan is designed to turn heads, with its bold grille and striking lines. But it's not just about looks - under the hood, you'll find a powerful 2.0L Ti-VCT engine, delivering 160 horsepower and impressive fuel efficiency.<br><br>Step inside and experience the luxurious interior, complete with leather-trimmed seats and advanced features such as the SYNC 3 infotainment system, which allows you to stay connected and entertained on the go. And with the Titanium trim level, you'll also enjoy added convenience and safety features like a navigation system, rearview camera, and blind spot monitoring.<br><br>But the 2018 Ford Focus Titanium isn't just about style and technology - it also offers a smooth and responsive ride, thanks to its independent suspension and electric power-assisted steering. Plus, with its advanced safety features, including a full suite of airbags, you can feel confident and secure behind the wheel.<br><br>Don't miss your chance to own the 2018 Ford Focus Titanium - a car that offers both sophistication and performance. Visit us today to take a test drive and see for yourself why this sedan is a top choice for drivers who demand the best.","[PREMIUM]",5,"20502 NANNETTE LN","Spring","TX","77388","[PREMIUM]"
"770904874","2026-02-05 03:15:35.741","2026-02-05 03:15:35.741","770904874","[PREMIUM]","T19C7596",2019,"CHEV","Chevrolet","EQUINOX","Equinox","LT","SUV","Used","Used 2019 Chevrolet Equinox LT",229469,"[PREMIUM]",,,"[PREMIUM]",3230,5330,"Pepperdust Metallic","GRAY","Jet Black","BLACK","4CLDR","4-Cylinder Turbo",,"AUT","6-Speed Automatic","Automatic",,,,25,30,1.5,false,8,false,false,false,false,false,false,false,"FEATURED",172808,"[PREMIUM]","[PREMIUM]","[PREMIUM]",1304,"[PREMIUM]",false,"PARTNER",436730,3.9,150,0,"[""NO_SALVAGE_TITLE"",""NO_ACCIDENTS_REPORTED"",""NO_ONE_OWNER""]","{""exterior"":[""17 Aluminum Wheels"",""Alloy wheels"",""Bumpers: body-color"",""Delay-off headlights"",""Fully automatic headlights"",""Heated door mirrors"",""High-Intensity Discharge Headlights"",""Outside Heated Power-Adjustable Mirrors"",""Power door mirrors"",""Rear window wiper"",""Spoiler""],""interior"":[""2-Way Power Driver Lumbar Control Seat Adjuster"",""3-Spoke Leather-Wrapped Steering Wheel"",""8-Way Power Driver Seat Adjuster"",""Air Conditioning"",""Driver door bin"",""Driver vanity mirror"",""Dual Zone Automatic Climate Control"",""Front Bucket Seats"",""Front Center Armrest"",""Front reading lights"",""Heated Driver & Front Passenger Seats"",""Leather-Wrapped Shift Lever"",""Overhead console"",""Passenger door bin"",""Passenger vanity mirror"",""Power driver seat"",""Power windows"",""Premium Cloth Seat Trim"",""Rear Power Liftgate"",""Rear reading lights"",""Rear seat center armrest"",""Rear window defroster"",""Split folding rear seat"",""Steering wheel mounted audio controls"",""Tachometer"",""Telescoping steering wheel"",""Tilt steering wheel"",""Trip computer"",""Universal Home Remote"",""Variably intermittent wipers""],""safety"":[""ABS brakes"",""Brake assist"",""Dual front impact airbags"",""Dual front side impact airbags"",""Electronic Stability Control"",""Lane Change Alert w/Side Blind Zone Alert"",""Low tire pressure warning"",""Occupant sensing airbag"",""Overhead airbag"",""Panic alarm"",""Rear Cross Traffic Alert"",""Security system"",""Traction control""],""mechanical"":[""3.87 Final Drive Axle Ratio"",""4-Wheel Disc Brakes"",""Four wheel independent suspension"",""Power steering"",""Speed-sensing steering""],""technology"":[""2 USB Ports & Auxiliary Input Jack"",""6 Speaker Audio System Feature"",""6 Speakers"",""AM/FM radio: SiriusXM"",""Compass"",""Premium audio system: Chevrolet MyLink"",""Radio data system"",""Radio: Chevrolet Infotainment 3 System w/AM/FM"",""Rear Park Assist w/Audible Warning"",""Remote Vehicle Starter System"",""Remote keyless entry"",""SiriusXM Radio"",""Speed control""],""other"":[""2 Rear USB Charging-Only Ports"",""Apple CarPlay/Android Auto"",""Bluetoothï¾® For Phone"",""Confidence & Convenience Package"",""Driver Confidence Package"",""Driver Convenience Package"",""Emergency communication system: OnStar and Chevrolet connected services capable"",""Front Passenger 4-Way Manual Seat Adjuster"",""Front anti-roll bar"",""Illuminated entry"",""Outside temperature display"",""Preferred Equipment Group 1LT"",""Rear anti-roll bar""]}",85,"Pepperdust Metallic 2019 Chevrolet Equinox LT AWD 6-Speed Automatic Electronic with Overdrive 1.5L DOHCRecent Arrival! 25/30 City/Highway MPGAwards: * JD Power Initial Quality Study * 2019 KBB.com 10 Best SUVs Under $30,000Brothers Auto Sales Has Been Serving South Dakota, Iowa, Minnesota, Nebraska and The Surrounding Area For Almost 30 Years! Please Contact Us For Your No Hassle Experience and Save Time In The Store By Starting The Process Online. We Look Forward To Taking Care Of Your Car Needs Today and In The Future! Free Carfax Report! Financing (WAC) and Vehicle Service Contract Options Available!","[PREMIUM]",30,"2100 West 12th St.","Sioux Falls","SD","57104","[PREMIUM]"
"769692251","2026-02-05 03:15:35.575","2026-02-05 03:15:35.575","769692251","[PREMIUM]","104629",2018,"CHEV","Chevrolet","TRAVERSE","Traverse","Premier","SUV","Used","Used 2018 Chevrolet Traverse Premier w/ Redline Edition",149150,"[PREMIUM]",,"Great","[PREMIUM]",11750,13850,"Summit White","WHITE","Jet Black","BLACK","6CLDR","6-Cylinder",,"AUT","9-Speed Automatic","Automatic",,,,17,25,3.6,true,4,true,true,false,false,false,false,false,"PREMIUM",73475487,"[PREMIUM]","[PREMIUM]","[PREMIUM]",0,"[PREMIUM]",false,"PARTNER",430590,4.3,73,0,"[""NO_SALVAGE_TITLE"",""NO_ACCIDENTS_REPORTED"",""NO_ONE_OWNER""]","{""exterior"":[""Active Grille Shutters"",""Body Side Moldings - Body-Color With Chrome Accents"",""Exhaust - Dual Tip"",""Front Bumper Color - Body-Color"",""Front Fog Lights"",""Headlights - Wiper Activated"",""Liftgate Window - Fixed"",""Rear Bumper Color - Body-Color"",""Rear Spoiler - Roofline"",""Rear Spoiler Color - Body-Color"",""Rear Wiper - With Washer"",""Roof Rails - Chrome""],""interior"":[""Air Filtration"",""Armrests - Rear Outboard Seats"",""Cargo Area Light"",""Center Console - Front Console With Armrest And Storage"",""Clock"",""Courtesy Lights - Door"",""Cupholders - Third Row"",""Door Handle Color - Chrome"",""Driver Seat - Ventilated"",""Driver Seat Power Adjustments - Reclining"",""Easy Entry - Manual Rear Seat"",""Floor Mat Material - Carpet"",""Floor Material - Carpet"",""Floor Mats - Third Row"",""Front Air Conditioning - Automatic Climate Control"",""Front Air Conditioning Zones - Dual"",""Front Headrests - Adjustable"",""Front Seat Type - Bucket"",""Front Wipers - Variable Intermittent"",""Gauge - Tachometer"",""Heated Steering Wheel"",""Humidity/Dewpoint Sensors"",""Instrument Cluster Screen Size - 4.2 In."",""Memorized Settings - Steering Wheel"",""One-Touch Windows - 2"",""Overhead Console - Front"",""Passenger Seat - Ventilated"",""Passenger Seat Power Adjustments - Reclining"",""Power Door Locks - Auto-Locking"",""Power Outlet(S) - 115v Rear"",""Power Windows - Lockout Button"",""Power Windows - Safety Reverse"",""Push-Button Start"",""Reading Lights - Rear"",""Rear Air Conditioning - Automatic Climate Control"",""Rear Air Conditioning Zones - Single"",""Rear Headrests - Adjustable"",""Rear Privacy Glass"",""Rear Seat - Heated"",""Rear Seat Folding - Flat"",""Rear Seat Type - Captains Chairs""],""safety"":[""Abs - 4-Wheel"",""Airbag Deactivation - Occupant Sensing Passenger"",""Braking Assist"",""Child Safety Door Locks"",""Child Seat Anchors - Latch System"",""Cross Traffic Alert - Rear"",""Daytime Running Lights - Led"",""Electronic Brakeforce Distribution"",""Emergency Locking Retractors - Rear"",""Front Airbags - Dual"",""Front Seatbelts - 3-Point"",""Lane Keeping Assist"",""Pre-Collision Warning System - Visual Warning"",""Rear Seatbelts - 3-Point"",""Roll Stability Control""],""mechanical"":[""4wd Selector - Electronic"",""4wd Type - Part Time"",""Axle Ratio - 3.49"",""Front Shock Type - Gas"",""Front Spring Type - Coil"",""Front Stabilizer Bar"",""Front Struts - Macpherson"",""Front Suspension Classification - Independent"",""Front Suspension Type - Lower Control Arms"",""Power Brakes"",""Power Steering - Variable/Speed-Proportional"",""Rear Shock Type - Twin-Tube Gas"",""Rear Spring Type - Coil"",""Rear Stabilizer Bar"",""Rear Suspension Classification - Independent"",""Rear Suspension Type - Multi-Link""],""technology"":[""Antenna Type - Mast"",""Auto Start/Stop"",""Auxiliary Audio Input - Usb"",""Compass"",""Cruise Control"",""Electronic Messaging Assistance - With Read Function"",""Infotainment - Mylink"",""Infotainment Screen Size - 8 In."",""Internet Radio App - Stitcher"",""Multi-Function Display"",""Navigation System - Voice Operated"",""Parking Sensors - Rear"",""Premium Brand - Bose"",""Radio - Voice Operated"",""Radio Data System"",""Rearview Monitor - In Dash"",""Remote Engine Start"",""Satellite Communications - Voice Guided Directions"",""Satellite Radio - Siriusxm""],""other"":[""Alternator - 170 Amps"",""Anti-Theft System - Vehicle Immobilizer"",""Assist Handle - Rear"",""Automatic Emergency Braking - Front Pedestrian"",""Battery - Maintenance-Free"",""Battery Rating - 600 Cca"",""Battery Saver"",""Blind Spot Safety - Sensor/Alert"",""Camera System - Surround View"",""Connected In-Car Apps - Google Search"",""Digital Odometer"",""Drive Mode Selector"",""Driver Assistance App - Roadside Assistance"",""Exhaust Tip Color - Chrome"",""External Temperature Display"",""Front Brake Diameter - 12.6"",""Front Brake Type - Ventilated Disc"",""Fuel Economy Display - Range"",""Grille Color - Chrome Surround"",""Lane Deviation Sensors"",""Mirror Color - Body-Color"",""Multi-Function Remote - Trunk Release"",""Programmable Safety Key"",""Rear Brake Diameter - 12.4"",""Rear Brake Type - Ventilated Disc"",""Rear Trunk/Liftgate - Sensor-Activated"",""Rearview Mirror - Auto-Dimming"",""Rocker Panel Color - Body-Color""]}",131,"This vehicle has received a full inspection. To see its video test drive, diagnostics, and tire depth, please visit https://www.remarketspace.com/vehicles/1 04629/2018-chevrolet-traverse-sale-roche ster-minnesota","[PREMIUM]",47,"7751 HIGHWAY 10 NW STE 7","Anoka","MN","55303","[PREMIUM]"
"771095932","2026-02-05 03:15:35.571","2026-02-05 03:15:35.571","771095932","[PREMIUM]","32458A",2018,"DODGE","Dodge","GRANDCARAV","Grand Caravan","SXT","VANS","Used","Used 2018 Dodge Grand Caravan SXT",213132,"[PREMIUM]",,,"[PREMIUM]",4740,6090,"Granite Pearlcoat","GRAY","Black/Light Graystone","UNAVAIL","6CLDR","6-Cylinder",,"AUT","6-Speed Automatic","Automatic",,,,17,25,3.6,true,6,false,true,false,false,false,false,false,"PREMIUM",810734,"[PREMIUM]","[PREMIUM]","[PREMIUM]",2072,"[PREMIUM]",false,"PARTNER",433678,3.7,427,0,"[""NO_SALVAGE_TITLE"",""ACCIDENTS_REPORTED"",""NO_ONE_OWNER""]","{""exterior"":[""Aluminum Wheels"",""Heated Mirrors"",""Power Mirror(s)"",""Rear Spoiler"",""Tires - Front All-Season"",""Tires - Rear All-Season"",""WHEELS: 17\"" X 6.5\"" ALUMINUM  (STD)""],""interior"":[""3rd Row Seat"",""A/C"",""Adjustable Steering Wheel"",""Auto-Dimming Rearview Mirror"",""BLACK/LIGHT GRAYSTONE  PREMIUM SEATS W/SUEDE INSERTS"",""Bucket Seats"",""Driver Vanity Mirror"",""Floor Mats"",""Intermittent Wipers"",""Multi-Zone A/C"",""Passenger Vanity Mirror"",""Power Door Locks"",""Power Liftgate"",""Power Windows"",""Premium Synthetic Seats"",""Privacy Glass"",""Rear A/C"",""Rear Bucket Seats"",""Rear Defrost"",""Remote Trunk Release"",""Steering Wheel Audio Controls"",""Trip Computer"",""Variable Speed Intermittent Wipers"",""Woodgrain Interior Trim""],""safety"":[""ABS"",""Brake Assist"",""Child Safety Locks"",""Daytime Running Lights"",""Driver Air Bag"",""Front Head Air Bag"",""Front Side Air Bag"",""Knee Air Bag"",""Passenger Air Bag"",""Passenger Air Bag Sensor"",""Rear Head Air Bag"",""Stability Control"",""Tire Pressure Monitor"",""Traction Control""],""mechanical"":[""4-Wheel Disc Brakes"",""ENGINE: 3.6L V6 24V VVT  (STD)"",""Front Wheel Drive"",""Power Steering"",""TRANSMISSION: 6-SPEED AUTOMATIC 62TE  (STD)""],""technology"":[""Auxiliary Audio Input"",""Back-Up Camera"",""CD Player"",""Cruise Control"",""Hard Disk Drive Media Storage"",""Immobilizer"",""Keyless Entry"",""MP3 Capability""],""other"":[""Fourth Passenger Door"",""GRANITE PEARLCOAT"",""Luggage Rack"",""MANUFACTURER'S STATEMENT OF ORIGIN"",""Power Fourth Passenger Door"",""Power Third Passenger Door"",""QUICK ORDER PACKAGE 29P  -inc: Engine: 3.6L V6 24V VVT  Transmission: 6-Speed Automatic 62TE  For More Info  Call 888-539-7474  Remote Start System  Sirius Satellite Radio (subscription required)  Automatic Headlamps  Integrated Roof Rail Crossbars  Premi"",""TIRES: P225/65R17 BSW A/S TOURING  -inc: Kumho Brand Tires"",""Third Passenger Door""]}",67,"Welcome to Cactus Auto, the oasis of joy for every car enthusiast! A family-owned delight that has been vrooming happiness into customers' lives since the rad '80s! Our friendly and knowledgeable staff is as reliable as your favorite car playlist, always ready to guide you to the perfect ride. Forget about shameless sales tactics or pesky high-pressure gimmicks. They have no place here! We're cruising at the speed of trust and reputation, fuelled by our customers' satisfaction and repeat business. Got a bump in your credit history? No worries, our finance wizards are here to wave their magic wands. First-time buyer? Buckle up for an exciting ride with our guaranteed pre-approval program! ?? Our 200+ vehicular fleet is as diverse as it is exciting! We have everything from chic sedans and reliable trucks to swanky SUVs. Our line-up features both domestic and imported makes, ranging from economical runabouts to high-performance racers, and even luxury chariots! ?????? But what's a ride without the right to change your mind? That's why we now offer a thrilling 7-day exchange program! Pick a vehicle, try it out, and if it doesn't rev up your heart within a week, just swap it for another. No tricks, no gimmicks, and no extra fees. Your happiness is our finish line! Our customers have showered us with stars, giving us a sparkling 4.7 rating on Google out of 5.0 based on over 1000 reviews! We're like the blockbuster movie of car dealerships! ?? Check out our rave reviews on Facebook and Google. So, what are you waiting for? Zoom over to Cactus Auto at 1602 West Prince Road, Tucson, AZ 87505, or cruise online to CactusAuto.com. We've been delivering top auto picks since 1986, and we can't wait to put you in the driver's seat of your dream car! ???. Recent Arrival!<br><br><br>1-Yr SiriusXM Radio Service, 17&quot; x 6.5&quot; Aluminum Wheels, 2nd Row Stow'N Go Bucket Seats, 3.16 Axle Ratio, 3rd row seats: split-bench, 4-Wheel Disc Brakes, 40GB Hard Drive w/28GB Available, 6 Speakers, 6.5&quot; Touchscreen Display, ABS brakes, Air Conditioning, Alloy wheels, AM/FM radio, Anti-whiplash front head restraints, Audio Jack Input for Mobile Devices, Auto-dimming Rear-View mirror, Automatic Headlamps, Black Finish I/P Bezel, Bluetooth? Streaming Audio, Bodyside moldings, Brake assist, Bright Belt Moldings, Bright Side Roof Rails, Bumpers: body-color, CD player, Delay-off headlights, Driver door bin, Driver vanity mirror, Driver's Seat Mounted Armrest, Dual front impact airbags, Dual front side impact airbags, Electronic Stability Control, Front anti-roll bar, Front Bucket Seats, Front dual zone A/C, Front Fog Lamps, Front reading lights, Front wheel independent suspension, Heated door mirrors, Highline Door Trim Panel, Illuminated entry, Integrated Roof Rail Crossbars, Knee airbag, Leather Wrapped Shift Knob, Leather Wrapped Steering Wheel, Low tire pressure warning, Manufacturer's Statement of Origin, Occupant sensing airbag, Outside temperature display, Overhead airbag, Overhead console, Panic alarm, ParkView Rear Back-Up Camera, Passenger door bin, Passenger seat mounted armrest, Passenger vanity mirror, Power 2-Way Driver Lumbar Adjust, Power 8-Way Driver Seat, Power door mirrors, Power Liftgate, Power steering, Power windows, Premium Interior Accents, Premium Seats w/Suede Inserts, Quick Order Package 29P, Radio: 430, Rear air conditioning, Rear window defroster, Rear window wiper, Reclining 3rd row seat, Remote keyless entry, Remote Start System, Remote USB Port, Roof rack, Security Alarm, Security Group, Speed control, Split folding rear seat, Spoiler, Steering wheel mounted audio controls, Tachometer, Telescoping steering wheel, Tilt steering wheel, Touring Suspension, Traction control, Trip computer, Uconnect Hands-Free Group, Uconnect Voice Command w/Bluetooth, Variably intermittent wipers. Dealer Disclosure: While we endeavor to make sure that all ad information is correct, we will not be held liable/responsible for errors or omis","[PREMIUM]",,"1602 West Prince Road","Tucson","AZ","85705","[PREMIUM]"
"769752127","2026-02-05 03:15:35.387","2026-02-05 03:15:35.387","769752127","[PREMIUM]","T60678B",2018,"JEEP","Jeep","CHER","Cherokee","Latitude Plus","SUV","Used","Used 2018 Jeep Cherokee Latitude Plus w/ Comfort/Convenience Group",189620,"[PREMIUM]",,,"[PREMIUM]",0,0,"Granite Crystal Metallic Clear","GRAY","Black","BLACK","4CLDR","4-Cylinder",,"AUT","9-Speed Automatic","Automatic",,,,21,30,2.4,true,24,false,false,true,false,false,false,false,"PREMIUM",54962252,"[PREMIUM]","[PREMIUM]","[PREMIUM]",6393,"[PREMIUM]",false,"PARTNER",,0,0,0,"[""NO_SALVAGE_TITLE"",""ACCIDENTS_REPORTED"",""ONE_OWNER""]","{""exterior"":[""17\"" x 7\"" Aluminum Wheels"",""Active Grille Shutters"",""Alloy wheels"",""Bumpers: body-color"",""Delay-off headlights"",""Exterior Mirrors w/Heating Element"",""Front fog lights"",""Fully automatic headlights"",""High intensity discharge headlights: Bi-Xenon"",""Power Heated Mirrors"",""Power door mirrors"",""Rear window wiper"",""Spoiler"",""Windshield Wiper De-Icer""],""interior"":[""Air Conditioning"",""Air Conditioning ATC w/Dual Zone Control"",""All-Season Floor Mats"",""Anti-whiplash front head restraints"",""Auto-Dimming Rear-View Mirror"",""Cloth/Leather/Vinyl Bucket Seats"",""Driver door bin"",""Driver vanity mirror"",""Front Bucket Seats"",""Front Center Armrest"",""Front reading lights"",""Heated Front Seats"",""Heated Steering Wheel"",""Humidity Sensor"",""Leather Shift Knob"",""Overhead console"",""Passenger door bin"",""Passenger vanity mirror"",""Power Liftgate"",""Power driver seat"",""Power windows"",""Premium Air Filter"",""Rear reading lights"",""Rear seat center armrest"",""Rear window defroster"",""Split folding rear seat"",""Steering wheel mounted audio controls"",""Tachometer"",""Telescoping steering wheel"",""Tilt steering wheel"",""Trip computer"",""Universal Garage Door Opener"",""Variably intermittent wipers"",""Voltmeter""],""safety"":[""ABS brakes"",""Brake assist"",""Dual front impact airbags"",""Dual front side impact airbags"",""Electronic Stability Control"",""Knee airbag"",""Low tire pressure warning"",""Occupant sensing airbag"",""Overhead airbag"",""Panic alarm"",""Rear side impact airbag"",""Security Alarm"",""Traction control""],""mechanical"":[""3.734 Axle Ratio"",""4-Wheel Disc Brakes"",""Auxiliary Transmission Oil Cooler"",""Engine Block Heater"",""Engine Oil Cooler"",""Four wheel independent suspension"",""Power steering"",""Speed-sensing steering""],""technology"":[""6 Speakers"",""AM/FM radio: SiriusXM"",""Compass"",""Integrated Voice Command w/Bluetooth"",""ParkView Rear Back-Up Camera"",""Radio data system"",""Radio: Uconnect 3C w/8.4\"" Display"",""Remote Start System"",""Remote keyless entry"",""SiriusXM Satellite Radio"",""Speed control""],""other"":[""600 Amp Maintenance Free Battery"",""Cold Weather Group"",""Comfort/Convenience Group"",""Front anti-roll bar"",""Illuminated entry"",""Normal Duty Suspension"",""Outside temperature display"",""Quick Order Package 24D"",""Rear anti-roll bar"",""Roof rack: rails only""]}",90,"**THIS VEHICLE HAS NEVER BEEN INSPECTED, ADVISE INSPECTING BEFORE PURCHASE, VEHICLE SOLD 100% AS-IS**<br><br>This 2018 Jeep Cherokee Latitude Plus is a versatile and well-equipped SUV that's ready to take on your daily adventures. Featuring a 2.4L I4 engine and 9-speed automatic transmission, this Cherokee delivers an impressive blend of power and efficiency, with EPA-estimated ratings of 21 MPG in the city and 30 MPG on the highway.<br><br>Key features include:<br>Comfort/Convenience Group<br>Cold Weather Group<br>Compact Spare Tire<br><br>This Jeep comes equipped with a host of premium amenities to enhance your driving experience, including:<br>Dual-zone automatic climate control<br>Heated front seats and steering wheel<br>Power liftgate<br>Remote start<br>Rearview camera<br>Blind spot monitoring<br>And much more<br><br>The sleek gray exterior and spacious interior make this Latitude Plus model a standout in its class. With seating for up to five and generous cargo space, it's the perfect companion for your family, your hobbies, or your next road trip.<br><br>Whether you're looking for a capable and comfortable SUV for your daily commute or a versatile vehicle for your active lifestyle, this 2018 Jeep Cherokee Latitude Plus is an excellent choice. With its impressive features, efficient powertrain, and stylish design, it's sure to exceed your expectations.<br><br>We invite you to come in and experience this exceptional Jeep for yourself. Our knowledgeable sales team is here to answer any questions you may have and help you discover why this Cherokee is the perfect fit for your needs. Don't miss out on this opportunity to own a well-equipped and well-maintained Jeep at an exceptional value.<br><br>We look forward to the opportunity to earn your business and help you find the perfect vehicle. Stop by our showroom today and let's get you behind the wheel of this impressive 2018 Jeep Cherokee Latitude Plus.","[PREMIUM]",26,"2712 E MAIN ST","Plainfield","IN","46168","[PREMIUM]"
"771538186","2026-02-05 03:15:35.218","2026-02-05 03:15:35.218","771538186","[PREMIUM]","TJL228663",2018,"FORD","Ford","FOCUS","Focus","S","SEDAN","Used","Used 2018 Ford Focus S",153485,"[PREMIUM]",,,"[PREMIUM]",5140,6090,"Shadow Black","BLACK","Charcoal Black","BLACK","4CLDR","4-Cylinder",,"AUT","6-Speed Automatic","Automatic",,,,,,2,false,,false,true,false,false,false,false,false,"PREMIUM",1147771,"[PREMIUM]","[PREMIUM]","[PREMIUM]",2894,"[PREMIUM]",false,"PARTNER",431233,3.6,871,0,"[""NO_SALVAGE_TITLE"",""NO_ACCIDENTS_REPORTED"",""NO_ONE_OWNER""]","{""exterior"":[""Bumpers: body-color"",""Delay-off headlights"",""Fully automatic headlights"",""Power door mirrors"",""Wheels: 15\"" Steel w/Silver-Painted Cover""],""interior"":[""Air Conditioning"",""Cloth Front Bucket Seats"",""Driver door bin"",""Driver vanity mirror"",""Front Bucket Seats"",""Front beverage holders"",""Overhead console"",""Passenger door bin"",""Passenger vanity mirror"",""Power windows"",""Rear window defroster"",""Split folding rear seat"",""Steering wheel mounted audio controls"",""Tachometer"",""Telescoping steering wheel"",""Tilt steering wheel"",""Trip computer"",""Variably intermittent wipers""],""safety"":[""ABS brakes"",""Brake assist"",""Dual front impact airbags"",""Dual front side impact airbags"",""Electronic Stability Control"",""Emergency communication system"",""Knee airbag"",""Low tire pressure warning"",""Occupant sensing airbag"",""Overhead airbag"",""Panic alarm"",""Traction control""],""mechanical"":[""Four wheel independent suspension"",""Power steering""],""technology"":[""4 Speakers"",""AM/FM radio"",""Exterior Parking Camera Rear"",""Radio data system"",""Radio: AM/FM/MP3-Capable"",""Remote keyless entry"",""SYNC Communications & Entertainment System""],""other"":[""Equipment Group 100A"",""Front anti-roll bar"",""Rear anti-roll bar""]}",47,,"[PREMIUM]",31,"4190 West Andrew Johnson Highway","Morristown","TN","37814","[PREMIUM]"
